image_name,label
FbgWdiJh.pngpert.png,1
Y9mTB2R0.pngpert.png,2
yUh7Xnm6.pngpert.png,0
rfnN14UO.pngpert.png,0
L4iJlYv1.pngpert.png,2
RfhbnN63.pngpert.png,2
LMm3N1Sp.pngpert.png,1
wjozybs0.pngpert.png,2
D964iBfJ.pngpert.png,1
NLVdqI0G.pngpert.png,1
3AovcesB.pngpert.png,2
Fd3sCrIz.pngpert.png,2
JL2TStbx.pngpert.png,2
5TEcu4l8.pngpert.png,0
mCp90fzM.pngpert.png,2
kv6utZ9D.pngpert.png,1
g0SwfNYc.pngpert.png,2
PQ6VhaMR.pngpert.png,2
3UxVKr1O.pngpert.png,2
5oPqTpa9.pngpert.png,2
fFxKkH7W.pngpert.png,2
t3CKxi47.pngpert.png,1
PZ57M4mf.pngpert.png,2
FqHSALP0.pngpert.png,2
gWmXJMR0.pngpert.png,2
mAPrdxnL.pngpert.png,2
siKJLYU9.pngpert.png,1
Ect2jDXp.pngpert.png,1
109ntCpi.pngpert.png,2
B1dALYa2.pngpert.png,2
tEj7n5dV.pngpert.png,1
qlO7fYLx.pngpert.png,1
7YzlTXPG.pngpert.png,1
OAW5QI1D.pngpert.png,1
KRH62TXW.pngpert.png,1
PRCMcZ8E.pngpert.png,1
8JLaoPQ2.pngpert.png,2
eWV1ZLqX.pngpert.png,2
YE6wahi0.pngpert.png,2
Kxyl0VYZ.pngpert.png,0
xa2esJzH.pngpert.png,2
0LjkyORl.pngpert.png,1
57H2I4ra.pngpert.png,1
etb9h3A8.pngpert.png,2
1lkJQ76t.pngpert.png,2
5pl2Keis.pngpert.png,2
dIawYzyQ.pngpert.png,1
RmfB3KSq.pngpert.png,2
4qtP87VR.pngpert.png,1
qYyh1Rn4.pngpert.png,1
Zlb2hMuT.pngpert.png,2
RunJvq6i.pngpert.png,1
yzZbcjvr.pngpert.png,2
hNs5yMcX.pngpert.png,1
GJQcXyRY.pngpert.png,1
tXAe7Oar.pngpert.png,0
OgfKWE7R.pngpert.png,2
EDWbKjU4.pngpert.png,2
KTahBSc0.pngpert.png,2
GncMT603.pngpert.png,1
6ETVequR.pngpert.png,2
NXYgH2Z4.pngpert.png,0
UpKht3lB.pngpert.png,1
hNRcXIqp.pngpert.png,2
XMJKR5yq.pngpert.png,2
TgfAR4Vh.pngpert.png,0
hJPXpfqc.pngpert.png,2
LdT3rNMv.pngpert.png,1
E1knu36F.pngpert.png,1
uci2SKVD.pngpert.png,1
SvR9NyLW.pngpert.png,2
DrmSGRha.pngpert.png,2
KUAzlH09.pngpert.png,1
Wk65Mhwn.pngpert.png,2
hnVDrL6N.pngpert.png,1
r6zhsMtG.pngpert.png,2
MrAxvgDj.pngpert.png,0
PCbz0TE1.pngpert.png,0
DY59iX7R.pngpert.png,2
41zHABdG.pngpert.png,2
GM4rZi7U.pngpert.png,0
7Mz6dNux.pngpert.png,2
cj2wf7Dd.pngpert.png,0
9b7oCLhR.pngpert.png,1
0u1TA6VR.pngpert.png,1
dImC7tBN.pngpert.png,1
htnq1Qpi.pngpert.png,2
vFGXLuPc.pngpert.png,1
C4ZdfHem.pngpert.png,1
3t6WzqbR.pngpert.png,2
Df6Z8Sso.pngpert.png,1
hJtj8oUw.pngpert.png,1
L0bWNEo5.pngpert.png,2
NEikQb1X.pngpert.png,2
IghVafm5.pngpert.png,0
pmayGkch.pngpert.png,2
zP4ohpF5.pngpert.png,2
PVRrYTLq.pngpert.png,1
6o1SQngK.pngpert.png,2
gQbj2uhm.pngpert.png,2
YCowbEiV.pngpert.png,2
bTru6yU3.pngpert.png,1
AE296V83.pngpert.png,2
DFcklCPS.pngpert.png,1
hfikXWGL.pngpert.png,2
pk58GxKf.pngpert.png,1
3YmxZjnX.pngpert.png,2
zKfpHkgx.pngpert.png,1
j0hvOcLm.pngpert.png,0
oRhtgTcs.pngpert.png,1
TSLrl7cG.pngpert.png,2
6wW3K4Bd.pngpert.png,1
TnL7jmPB.pngpert.png,2
qIOg4xGU.pngpert.png,1
HiSu7o0l.pngpert.png,0
WJxem0Gd.pngpert.png,1
XFUNCw52.pngpert.png,1
pY5sI0TJ.pngpert.png,2
0jXp7GA2.pngpert.png,2
HMD4z75X.pngpert.png,2
Feu3HfIb.pngpert.png,2
ZHh9bmJx.pngpert.png,0
pQ6I03Un.pngpert.png,1
kzGcm7P3.pngpert.png,2
Qu3pxwGi.pngpert.png,1
cGvfhmwJ.pngpert.png,2
irPIkDfW.pngpert.png,0
ynI9rq7g.pngpert.png,2
sqDwr1jc.pngpert.png,2
ymdQXhZr.pngpert.png,1
dZFAJc1t.pngpert.png,2
S1NyWuFh.pngpert.png,2
WJqNvrTF.pngpert.png,1
zorBY4Pi.pngpert.png,2
SswYWkzJ.pngpert.png,1
RcUAS3kH.pngpert.png,1
gEYGHqD8.pngpert.png,2
hwSQomDP.pngpert.png,2
o5iOCt6d.pngpert.png,2
TNKIx6iS.pngpert.png,0
ThPd9b3n.pngpert.png,2
lRiKkhCF.pngpert.png,1
gZKI2Qta.pngpert.png,1
M8sW5pRZ.pngpert.png,2
MkGJ356m.pngpert.png,2
VwaGOD0t.pngpert.png,2
9Z5oLJC1.pngpert.png,2
1fa3wZcl.pngpert.png,1
SterHJuC.pngpert.png,1
E8Q9UKV5.pngpert.png,0
fyDvjhKk.pngpert.png,2
mGABYtk6.pngpert.png,1
IGe4oQOa.pngpert.png,2
9t71gmCw.pngpert.png,2
P81LtAQ0.pngpert.png,1
9ey6mIVE.pngpert.png,2
0JozGHh2.pngpert.png,2
4xp7ZVvc.pngpert.png,2
HAs5PqT3.pngpert.png,2
4CpkKJT8.pngpert.png,0
dwKxy2JE.pngpert.png,0
9jX4cWoT.pngpert.png,2
RKsBukTD.pngpert.png,1
4klgab7m.pngpert.png,2
ljrexiF1.pngpert.png,2
h3HmW7Ev.pngpert.png,2
oZhA38c5.pngpert.png,2
jUeF4WBX.pngpert.png,1
ILAdhYKU.pngpert.png,1
UznFqwMa.pngpert.png,2
WeGstphk.pngpert.png,1
Njs0ybCZ.pngpert.png,2
a7dXuL9c.pngpert.png,1
6fOpskLw.pngpert.png,2
xSUbBsy8.pngpert.png,2
Ts2YctNm.pngpert.png,1
9sVKyDSf.pngpert.png,1
aiMhOy3F.pngpert.png,1
gSKyRtYP.pngpert.png,1
VriPXFoZ.pngpert.png,2
YFBvI4h6.pngpert.png,2
La712iyO.pngpert.png,2
cP7t2Oae.pngpert.png,2
xRkwMgWJ.pngpert.png,2
7sZXBvr2.pngpert.png,2
Tu1MnjiH.pngpert.png,2
1Qsk2Hve.pngpert.png,2
mJiNRgG6.pngpert.png,1
FmcgxeE8.pngpert.png,1
aRlOTw7q.pngpert.png,1
AQeMi9Oh.pngpert.png,1
JD1cMFnN.pngpert.png,2
yoafnV4Z.pngpert.png,1
uO5gAHJC.pngpert.png,1
ciPeqVZN.pngpert.png,2
i8tbBf0q.pngpert.png,0
NT0Obz2f.pngpert.png,0
gqCFHAXo.pngpert.png,2
Bu5MHrxy.pngpert.png,1
rDm6LGnZ.pngpert.png,1
5iCxpsJ4.pngpert.png,2
8QX6mriq.pngpert.png,2
1Lq2U3iZ.pngpert.png,1
MHnewBqk.pngpert.png,1
ZlUsx87W.pngpert.png,2
i6TbJ0CU.pngpert.png,1
0aGT6gN7.pngpert.png,1
fhrx3JwZ.pngpert.png,2
4IBd8XDG.pngpert.png,2
WOl6d42B.pngpert.png,1
vUzCoe7F.pngpert.png,1
8a3p7qsd.pngpert.png,2
956yAIYx.pngpert.png,2
AbFWTD5p.pngpert.png,1
z9AWgsof.pngpert.png,2
1lqwaseW.pngpert.png,2
Hr4Efgw6.pngpert.png,1
pD2EzkZM.pngpert.png,2
U1VqLkf8.pngpert.png,2
eJTD2KLc.pngpert.png,1
MQiYm7K1.pngpert.png,0
T4HWcGwB.pngpert.png,2
wumtJlSd.pngpert.png,1
YA52zvfC.pngpert.png,1
x3aJkwb0.pngpert.png,1
M7Va8QHD.pngpert.png,0
QVtE1OaB.pngpert.png,2
oNkMtYfD.pngpert.png,0
I3XYBO6a.pngpert.png,2
TARIEP5Z.pngpert.png,1
IYvm8OpR.pngpert.png,0
NWJzpdaV.pngpert.png,2
2jKlH69x.pngpert.png,2
H1P7KcxA.pngpert.png,2
ORNrxkEb.pngpert.png,0
0qHaD517.pngpert.png,0
kbMNEID7.pngpert.png,1
5wsmGFSg.pngpert.png,1
DklCXZFv.pngpert.png,0
GRH8O4fy.pngpert.png,1
kivCIay9.pngpert.png,2
7MbsCE4L.pngpert.png,2
GVRbWftw.pngpert.png,0
6plXMxTh.pngpert.png,2
ZTzQvOFf.pngpert.png,2
GKElJzUA.pngpert.png,1
wES1CV0b.pngpert.png,1
WosmjyDp.pngpert.png,1
DRKCufNF.pngpert.png,0
KYwnVPL7.pngpert.png,1
UhaV3bsn.pngpert.png,2
Kgvfwk6x.pngpert.png,2
s3or2R84.pngpert.png,2
gkwsHriI.pngpert.png,2
ucOz057U.pngpert.png,2
7ISj1AcO.pngpert.png,1
1e78zE9s.pngpert.png,1
Y0gNzTRr.pngpert.png,1
Rzl6cuKd.pngpert.png,2
XMQvpeCU.pngpert.png,1
Ti5DsjlL.pngpert.png,2
FIqL5m6J.pngpert.png,1
fMdP6TIS.pngpert.png,2
mgjsflGT.pngpert.png,1
bslaPYjF.pngpert.png,0
8dbAnUWh.pngpert.png,1
