image_name,label
FbgWdiJh.pngpert.png,1
Y9mTB2R0.pngpert.png,2
yUh7Xnm6.pngpert.png,1
rfnN14UO.pngpert.png,1
L4iJlYv1.pngpert.png,1
RfhbnN63.pngpert.png,2
LMm3N1Sp.pngpert.png,1
wjozybs0.pngpert.png,2
D964iBfJ.pngpert.png,1
NLVdqI0G.pngpert.png,1
3AovcesB.pngpert.png,1
Fd3sCrIz.pngpert.png,1
JL2TStbx.pngpert.png,1
5TEcu4l8.pngpert.png,1
mCp90fzM.pngpert.png,2
kv6utZ9D.pngpert.png,1
g0SwfNYc.pngpert.png,2
PQ6VhaMR.pngpert.png,0
3UxVKr1O.pngpert.png,2
5oPqTpa9.pngpert.png,2
fFxKkH7W.pngpert.png,2
t3CKxi47.pngpert.png,1
PZ57M4mf.pngpert.png,1
FqHSALP0.pngpert.png,1
gWmXJMR0.pngpert.png,2
mAPrdxnL.pngpert.png,0
siKJLYU9.pngpert.png,1
Ect2jDXp.pngpert.png,1
109ntCpi.pngpert.png,1
B1dALYa2.pngpert.png,1
tEj7n5dV.pngpert.png,1
qlO7fYLx.pngpert.png,1
7YzlTXPG.pngpert.png,1
OAW5QI1D.pngpert.png,1
KRH62TXW.pngpert.png,1
PRCMcZ8E.pngpert.png,1
8JLaoPQ2.pngpert.png,1
eWV1ZLqX.pngpert.png,1
YE6wahi0.pngpert.png,2
Kxyl0VYZ.pngpert.png,0
xa2esJzH.pngpert.png,0
0LjkyORl.pngpert.png,1
57H2I4ra.pngpert.png,1
etb9h3A8.pngpert.png,1
1lkJQ76t.pngpert.png,2
5pl2Keis.pngpert.png,1
dIawYzyQ.pngpert.png,1
RmfB3KSq.pngpert.png,2
4qtP87VR.pngpert.png,1
qYyh1Rn4.pngpert.png,1
Zlb2hMuT.pngpert.png,1
RunJvq6i.pngpert.png,0
yzZbcjvr.pngpert.png,1
hNs5yMcX.pngpert.png,1
GJQcXyRY.pngpert.png,1
tXAe7Oar.pngpert.png,1
OgfKWE7R.pngpert.png,1
EDWbKjU4.pngpert.png,2
KTahBSc0.pngpert.png,2
GncMT603.pngpert.png,1
6ETVequR.pngpert.png,1
NXYgH2Z4.pngpert.png,1
UpKht3lB.pngpert.png,1
hNRcXIqp.pngpert.png,2
XMJKR5yq.pngpert.png,1
TgfAR4Vh.pngpert.png,1
hJPXpfqc.pngpert.png,1
LdT3rNMv.pngpert.png,1
E1knu36F.pngpert.png,2
uci2SKVD.pngpert.png,2
SvR9NyLW.pngpert.png,2
DrmSGRha.pngpert.png,2
KUAzlH09.pngpert.png,1
Wk65Mhwn.pngpert.png,1
hnVDrL6N.pngpert.png,1
r6zhsMtG.pngpert.png,2
MrAxvgDj.pngpert.png,2
PCbz0TE1.pngpert.png,1
DY59iX7R.pngpert.png,1
41zHABdG.pngpert.png,1
GM4rZi7U.pngpert.png,1
7Mz6dNux.pngpert.png,2
cj2wf7Dd.pngpert.png,2
9b7oCLhR.pngpert.png,1
0u1TA6VR.pngpert.png,1
dImC7tBN.pngpert.png,1
htnq1Qpi.pngpert.png,0
vFGXLuPc.pngpert.png,1
C4ZdfHem.pngpert.png,1
3t6WzqbR.pngpert.png,2
Df6Z8Sso.pngpert.png,1
hJtj8oUw.pngpert.png,1
L0bWNEo5.pngpert.png,1
NEikQb1X.pngpert.png,1
IghVafm5.pngpert.png,1
pmayGkch.pngpert.png,1
zP4ohpF5.pngpert.png,2
PVRrYTLq.pngpert.png,1
6o1SQngK.pngpert.png,1
gQbj2uhm.pngpert.png,2
YCowbEiV.pngpert.png,1
bTru6yU3.pngpert.png,2
AE296V83.pngpert.png,1
DFcklCPS.pngpert.png,1
hfikXWGL.pngpert.png,1
pk58GxKf.pngpert.png,1
3YmxZjnX.pngpert.png,2
zKfpHkgx.pngpert.png,1
j0hvOcLm.pngpert.png,0
oRhtgTcs.pngpert.png,1
TSLrl7cG.pngpert.png,1
6wW3K4Bd.pngpert.png,2
TnL7jmPB.pngpert.png,1
qIOg4xGU.pngpert.png,1
HiSu7o0l.pngpert.png,0
WJxem0Gd.pngpert.png,1
XFUNCw52.pngpert.png,1
pY5sI0TJ.pngpert.png,0
0jXp7GA2.pngpert.png,1
HMD4z75X.pngpert.png,1
Feu3HfIb.pngpert.png,2
ZHh9bmJx.pngpert.png,1
pQ6I03Un.pngpert.png,1
kzGcm7P3.pngpert.png,2
Qu3pxwGi.pngpert.png,1
cGvfhmwJ.pngpert.png,1
irPIkDfW.pngpert.png,1
ynI9rq7g.pngpert.png,2
sqDwr1jc.pngpert.png,2
ymdQXhZr.pngpert.png,1
dZFAJc1t.pngpert.png,2
S1NyWuFh.pngpert.png,1
WJqNvrTF.pngpert.png,2
zorBY4Pi.pngpert.png,1
SswYWkzJ.pngpert.png,1
RcUAS3kH.pngpert.png,1
gEYGHqD8.pngpert.png,1
hwSQomDP.pngpert.png,2
o5iOCt6d.pngpert.png,1
TNKIx6iS.pngpert.png,1
ThPd9b3n.pngpert.png,1
lRiKkhCF.pngpert.png,1
gZKI2Qta.pngpert.png,1
M8sW5pRZ.pngpert.png,2
MkGJ356m.pngpert.png,1
VwaGOD0t.pngpert.png,2
9Z5oLJC1.pngpert.png,2
1fa3wZcl.pngpert.png,1
SterHJuC.pngpert.png,1
E8Q9UKV5.pngpert.png,1
fyDvjhKk.pngpert.png,1
mGABYtk6.pngpert.png,1
IGe4oQOa.pngpert.png,2
9t71gmCw.pngpert.png,1
P81LtAQ0.pngpert.png,1
9ey6mIVE.pngpert.png,1
0JozGHh2.pngpert.png,1
4xp7ZVvc.pngpert.png,2
HAs5PqT3.pngpert.png,2
4CpkKJT8.pngpert.png,1
dwKxy2JE.pngpert.png,0
9jX4cWoT.pngpert.png,1
RKsBukTD.pngpert.png,1
4klgab7m.pngpert.png,0
ljrexiF1.pngpert.png,1
h3HmW7Ev.pngpert.png,2
oZhA38c5.pngpert.png,1
jUeF4WBX.pngpert.png,2
ILAdhYKU.pngpert.png,1
UznFqwMa.pngpert.png,2
WeGstphk.pngpert.png,2
Njs0ybCZ.pngpert.png,1
a7dXuL9c.pngpert.png,1
6fOpskLw.pngpert.png,2
xSUbBsy8.pngpert.png,1
Ts2YctNm.pngpert.png,1
9sVKyDSf.pngpert.png,1
aiMhOy3F.pngpert.png,1
gSKyRtYP.pngpert.png,1
VriPXFoZ.pngpert.png,1
YFBvI4h6.pngpert.png,0
La712iyO.pngpert.png,1
cP7t2Oae.pngpert.png,1
xRkwMgWJ.pngpert.png,1
7sZXBvr2.pngpert.png,1
Tu1MnjiH.pngpert.png,2
1Qsk2Hve.pngpert.png,1
mJiNRgG6.pngpert.png,1
FmcgxeE8.pngpert.png,1
aRlOTw7q.pngpert.png,1
AQeMi9Oh.pngpert.png,1
JD1cMFnN.pngpert.png,1
yoafnV4Z.pngpert.png,1
uO5gAHJC.pngpert.png,1
ciPeqVZN.pngpert.png,2
i8tbBf0q.pngpert.png,1
NT0Obz2f.pngpert.png,1
gqCFHAXo.pngpert.png,0
Bu5MHrxy.pngpert.png,1
rDm6LGnZ.pngpert.png,1
5iCxpsJ4.pngpert.png,2
8QX6mriq.pngpert.png,1
1Lq2U3iZ.pngpert.png,1
MHnewBqk.pngpert.png,1
ZlUsx87W.pngpert.png,2
i6TbJ0CU.pngpert.png,1
0aGT6gN7.pngpert.png,1
fhrx3JwZ.pngpert.png,1
4IBd8XDG.pngpert.png,1
WOl6d42B.pngpert.png,1
vUzCoe7F.pngpert.png,2
8a3p7qsd.pngpert.png,1
956yAIYx.pngpert.png,2
AbFWTD5p.pngpert.png,2
z9AWgsof.pngpert.png,2
1lqwaseW.pngpert.png,1
Hr4Efgw6.pngpert.png,1
pD2EzkZM.pngpert.png,2
U1VqLkf8.pngpert.png,1
eJTD2KLc.pngpert.png,1
MQiYm7K1.pngpert.png,1
T4HWcGwB.pngpert.png,1
wumtJlSd.pngpert.png,1
YA52zvfC.pngpert.png,1
x3aJkwb0.pngpert.png,1
M7Va8QHD.pngpert.png,1
QVtE1OaB.pngpert.png,1
oNkMtYfD.pngpert.png,0
I3XYBO6a.pngpert.png,2
TARIEP5Z.pngpert.png,1
IYvm8OpR.pngpert.png,1
NWJzpdaV.pngpert.png,1
2jKlH69x.pngpert.png,2
H1P7KcxA.pngpert.png,1
ORNrxkEb.pngpert.png,1
0qHaD517.pngpert.png,1
kbMNEID7.pngpert.png,1
5wsmGFSg.pngpert.png,2
DklCXZFv.pngpert.png,1
GRH8O4fy.pngpert.png,1
kivCIay9.pngpert.png,2
7MbsCE4L.pngpert.png,0
GVRbWftw.pngpert.png,1
6plXMxTh.pngpert.png,2
ZTzQvOFf.pngpert.png,2
GKElJzUA.pngpert.png,1
wES1CV0b.pngpert.png,2
WosmjyDp.pngpert.png,1
DRKCufNF.pngpert.png,1
KYwnVPL7.pngpert.png,1
UhaV3bsn.pngpert.png,2
Kgvfwk6x.pngpert.png,1
s3or2R84.pngpert.png,1
gkwsHriI.pngpert.png,1
ucOz057U.pngpert.png,2
7ISj1AcO.pngpert.png,1
1e78zE9s.pngpert.png,1
Y0gNzTRr.pngpert.png,1
Rzl6cuKd.pngpert.png,2
XMQvpeCU.pngpert.png,1
Ti5DsjlL.pngpert.png,2
FIqL5m6J.pngpert.png,1
fMdP6TIS.pngpert.png,1
mgjsflGT.pngpert.png,1
bslaPYjF.pngpert.png,1
8dbAnUWh.pngpert.png,1
