jIWYotH9.png,2
IhfeQ275.png,2
xKOToDvl.png,2
5AbFELl0.png,1
rMciUvIh.png,2
1HrX6mBq.png,2
2T15j4VZ.png,0
nGOBwfPm.png,2
4qcz3NoM.png,2
1qFRnImB.png,2
b2fYFxKH.png,0
rgyfeLk4.png,2
YCowbEiV.png,0
jd7Z5q3X.png,2
pO8EWuhC.png,2
RYuthHvi.png,1
apAvYs0i.png,2
Qu3pxwGi.png,2
OQLmUA30.png,0
W2JKimtX.png,1
f93Aapmi.png,1
N1BiaEF5.png,1
6wW3K4Bd.png,1
Njs0ybCZ.png,0
2mNnOdgw.png,0
S1NyWuFh.png,0
VTUm2oEh.png,2
zMTYGUWk.png,0
SvR9NyLW.png,0
zMHPGAts.png,0
0JozGHh2.png,0
3iOBGoMd.png,0
M7Va8QHD.png,2
9M2z6hnB.png,2
S2nmvi0V.png,1
xRkwMgWJ.png,0
rjcvXFJ0.png,0
mCp90fzM.png,1
8WDRvf7z.png,2
CHFY2pWZ.png,2
T3RlEZoX.png,2
ElYnsLTI.png,0
E6WR97NH.png,2
tmvXC12k.png,2
iUdEIKXY.png,0
KTONGqj8.png,2
NCJ6oR4p.png,2
1C6pSFzB.png,2
HI4RC6Q0.png,2
LTpzUVG8.png,0
GrREDuMn.png,1
IMZTixnl.png,2
oQvy6w30.png,1
IGe4oQOa.png,1
ngFR0QWj.png,2
knhvYdKV.png,2
1KVQUFNa.png,0
Hv012fk3.png,0
QUYeiZPt.png,2
qf7VIz3h.png,1
1GbdDxPh.png,2
6a912tXf.png,1
zlHiTmJL.png,0
WqvLBJfC.png,1
yTicgtQ6.png,0
juDyosNW.png,2
n6AYhp97.png,1
jxPLQYtz.png,2
hSk6KHRr.png,2
RY29KoZU.png,1
Dbt1dTeg.png,2
YQ6ZnSa9.png,0
D8NofVwh.png,1
PWhQANIn.png,2
Ygbp6ciF.png,1
K3tedViT.png,0
UhaV3bsn.png,1
TspIcGlt.png,2
SLnIY9w2.png,2
nOF6ckv4.png,1
bLEYrhcK.png,2
RxI8EQmF.png,1
jyhEuFbi.png,2
eUzaiO5Q.png,2
fR7okzyV.png,1
ocnT1rfZ.png,1
WMHuKaTv.png,0
IE1OpagL.png,2
9nlcFICT.png,2
HEje1PhZ.png,2
VBuDiPol.png,0
mJY5hDp1.png,2
ieWkJbGg.png,2
xous0azJ.png,2
hTsgcXRZ.png,1
r6zhsMtG.png,1
m38OevaY.png,0
oIc7adlL.png,2
xJzeOAj4.png,2
lcRGeo9W.png,1
3AovcesB.png,0
52tvMYAS.png,2
eACUOzNL.png,1
kpgb4GFj.png,1
cj2wf7Dd.png,1
Kgvfwk6x.png,0
wTuc10SP.png,0
keupnjhb.png,0
XCdMqS9H.png,2
70dwiDyO.png,0
3t6WzqbR.png,0
mJiNRgG6.png,2
P9giY4n0.png,0
qfKoWVvZ.png,2
8Dsw9gkG.png,2
vibTWJ8k.png,0
A4zyxdST.png,1
JGVSHKkU.png,2
Hr4Efgw6.png,2
MKAm8k7c.png,1
7H2YkAwn.png,1
9xLRyv7u.png,0
98cwaZjP.png,0
57H2I4ra.png,2
dcfrbyP1.png,2
xfbqeagI.png,0
QzaHwO2m.png,0
E2a7I0jr.png,0
0LjkyORl.png,2
fjrXsF3n.png,0
HkbzOgtP.png,1
1X7Hqach.png,1
kiClDVWF.png,0
Z1Xz4rWJ.png,0
fsA6wrkg.png,2
dZLkh4og.png,1
Zqs7dyQS.png,2
nAShfHix.png,1
6tjqTU40.png,2
RSVCnqQm.png,0
ychYw48g.png,1
P4d19qvO.png,0
kmfRT17Z.png,2
P6uR1LdS.png,1
MzNOXT4x.png,1
QFfZ7qKH.png,2
YEbSsQ6t.png,2
WMi5uhIL.png,0
B46zJaOv.png,2
MrAxvgDj.png,2
YE6wahi0.png,1
Rzl6cuKd.png,0
URaEd8z4.png,2
B7AiOt9T.png,2
pk58GxKf.png,0
6U4qWX2B.png,2
jcUqmIla.png,1
TDJz1Pel.png,2
qe4pEwaS.png,0
hHIn7TQO.png,2
FO4sv5Ri.png,0
YgJQpdNE.png,0
pD2EzkZM.png,1
ghevcFwa.png,2
3TlRIycs.png,2
ILhWmafr.png,0
nUC7D9hd.png,0
zi84JMmQ.png,1
bFJX93lY.png,2
L6Msgi0G.png,2
TgfAR4Vh.png,2
fcw529Mp.png,1
DOJ658Vq.png,0
VatNvBX8.png,1
TELhsOKi.png,2
awSz4Ydt.png,2
wUIjTGC7.png,2
8hfSgUOk.png,2
ZlUsx87W.png,1
d5i26pFK.png,0
HmMBFIuG.png,2
0lw2L5mO.png,0
OtrklV9T.png,0
tzcG3vsn.png,0
cRFOTk4P.png,0
4oA8m9fI.png,1
8IbASvFw.png,0
1M4xswXu.png,2
i1IFwqz2.png,1
vn8KIYgl.png,2
I7flczhC.png,0
2X3Bl1ZQ.png,0
BOd1qeTG.png,2
RZTGF9lr.png,0
KvY0q4yW.png,0
4ZBzcsLb.png,2
AFo7Vidg.png,2
JKLba13M.png,2
tILB5OKo.png,2
lPHNfLpy.png,0
aUhLe0d9.png,0
i0lup4YM.png,1
KPHAcbeS.png,2
xZzvX2kD.png,1
109ntCpi.png,0
vrcgPkmt.png,0
sqFuGPrg.png,2
UJG56ucC.png,2
wmuCOinh.png,2
paDVldmA.png,0
BpWfZY3z.png,0
km3XM0dC.png,0
jeyIio4d.png,1
5e3uz0iV.png,0
wJlRcXnk.png,0
IN3YRPhC.png,2
qhMCwvsa.png,0
sk8oj4wi.png,0
ZPfHYTqU.png,1
XrTS7GIE.png,0
PdS4HcmE.png,1
eK1OJlqU.png,1
VuGBohJs.png,1
xdMCrw18.png,2
1x8hL45r.png,2
pQ6I03Un.png,2
OAxNEeDd.png,0
mhNUkO85.png,1
ue9n784y.png,2
QEazmodv.png,2
VmogzSej.png,1
GTKNuAIQ.png,1
91YXyaL5.png,1
qHSxjhul.png,1
brHAN2j5.png,1
u60lmWIr.png,2
Z4WrkzuL.png,2
9FMR1Uhk.png,2
n9eOr2Vh.png,0
Sg9ZmsNL.png,2
oAM8bCHf.png,2
lDOueF1t.png,2
Y3thuzZ5.png,0
zdEFONov.png,1
kKF0rVSW.png,1
hRYZymAs.png,2
qQ1TxzY0.png,2
XI5H4VdL.png,0
yTb58CuB.png,1
EqRlHtDd.png,2
IzL3E12S.png,1
8ChAQdaB.png,0
RU20WYGV.png,2
1Jsn0TKr.png,2
dYMs92wn.png,2
iV8jQaK0.png,2
PVRrYTLq.png,2
BmNRUCYi.png,1
O2PvjJED.png,2
Ect2jDXp.png,0
1d2Ehtyp.png,0
1fa3wZcl.png,2
JjFHEebI.png,2
1jfoIbJN.png,2
Ti5DsjlL.png,1
Mk2rN7n4.png,2
jkm6Swxr.png,2
RiSDG2z1.png,0
gJnZQokS.png,0
B3OFi1A6.png,0
gSKyRtYP.png,2
MdxFNYkw.png,2
EVzh0Nif.png,0
L0bWNEo5.png,0
Spr6yC3U.png,2
0rKDHimx.png,2
DCvH4Xxi.png,1
NT0Obz2f.png,2
sHaKFybG.png,0
hnsKADpZ.png,0
s3or2R84.png,0
UCywMQxf.png,1
0Pv95Aad.png,0
Kx7XM6er.png,0
fBlPZjta.png,2
1fmV7kJZ.png,2
reFiJKWD.png,2
1Qsk2Hve.png,0
7gyH1aGA.png,0
uTDl51PK.png,2
f3tU12q8.png,1
7ETIZxqm.png,2
EvpT6t9d.png,2
yZsAINRd.png,2
BshmPQX6.png,0
Stoj5TYb.png,1
RfhbnN63.png,1
Df6Z8Sso.png,2
7ISj1AcO.png,2
YOaByuov.png,1
8lPkqOj5.png,1
jr2kV5hN.png,2
Yh48tUQJ.png,2
HTgtvcI9.png,2
SIuP9Uso.png,0
vFGXLuPc.png,2
uQRL2tak.png,0
q7EoMN3c.png,2
0PXSfk5b.png,1
Ak21rd08.png,0
OMfpH9zR.png,2
gH1VU7Wa.png,2
NP5zpkMK.png,0
xSUbBsy8.png,0
62nJed4c.png,2
sEf7L6KH.png,2
q2epbHoC.png,2
ELPk8W5Q.png,2
14dnUK0c.png,2
gcOr2eVl.png,2
oGTg50CP.png,1
L3zYyWQm.png,0
8Rg5anb6.png,0
JL2TStbx.png,0
OEPiF5mX.png,1
bAgYBtcy.png,2
O3HCPuhs.png,2
HTGl5Fq4.png,2
XSlnaodg.png,2
wEjZWlnm.png,2
a9LQbl51.png,0
4MiC6YyS.png,2
QFDy1dSm.png,1
3JvlWjuk.png,1
UvfJZe3d.png,2
T3CPJD2n.png,2
MD48wg1e.png,1
0JgQuETW.png,0
wBNP50XS.png,0
oRhtgTcs.png,2
xVkj6i07.png,1
hwSQomDP.png,1
xcyFNm31.png,1
1DP5FKyS.png,2
RzlhVQxp.png,0
NEikQb1X.png,0
vHinj7Wg.png,1
IYiosEVx.png,2
LAEKtfdh.png,0
gkwsHriI.png,0
oBvJ8Seg.png,0
AQzO35Yu.png,2
XHnUVy9h.png,0
CxeO631a.png,0
RndPKBVD.png,2
QIdXyNHJ.png,2
kmDA9dpx.png,0
yYwomLN1.png,2
1YR3lTh7.png,0
zKvJsypN.png,0
9sVKyDSf.png,2
pdNzQE8R.png,2
DklCXZFv.png,2
zL4YkwJF.png,1
sC4GFu9d.png,2
RoYzfglq.png,2
n5pNecJd.png,2
Ku07cJIk.png,2
Psj0ok9R.png,2
0CL1XkY5.png,0
nrSFReGM.png,1
z23o4cUC.png,1
xM3fEWOQ.png,2
Tyb0Q4Ho.png,0
0pE84YZl.png,0
S3a0ngkA.png,0
FIqL5m6J.png,2
K2xAtzhy.png,1
5oPqTpa9.png,0
956yAIYx.png,1
cYAvhfVW.png,0
b9xT0I4P.png,0
hxtyMJpk.png,2
ZHh9bmJx.png,2
r7ZmOj6C.png,1
j4o1vUmg.png,1
m75FC6qb.png,0
z9ShLerx.png,2
ivspdRAz.png,1
WbISKYTs.png,0
IlABnumi.png,2
jeIAEMBF.png,1
9OUHrlge.png,1
LQjdkzGi.png,2
XgmLGA0i.png,2
BlH2DOhg.png,2
8PitzNnO.png,0
2oQvGMpn.png,0
kG4Hjr3E.png,1
yd3GXQlj.png,2
VgZLMb2P.png,1
1Lq2U3iZ.png,2
UEGZWOd2.png,0
g8Fqpr5J.png,0
Gp6fr0vu.png,1
GKElJzUA.png,2
ADQ8tvLI.png,2
k25EovrX.png,2
9uiUOgMf.png,2
xYlBr5s6.png,0
xa2esJzH.png,1
90QGVRnX.png,2
IpAYJizG.png,2
jCFARTus.png,1
SFoZqKRu.png,0
FZSyzQB5.png,0
EcXLid7B.png,2
sfJePOCv.png,0
DiUAlVyt.png,2
7PSmJM0o.png,2
IEmHzKaD.png,0
65uSlXNb.png,2
4HCFm8zu.png,2
t3CKxi47.png,2
MORjxPbB.png,0
usBvoUKb.png,0
ta5JKjBR.png,2
Dmr8EU1u.png,1
vPdLTfKw.png,2
dn8egJ9i.png,1
TZrqjeOE.png,2
TCGaY5xy.png,2
OEKtDMkR.png,2
WFhRT3Dw.png,0
Q8EpSgKY.png,2
m9dgUefj.png,0
LGRm4Wru.png,0
CUO6fLBc.png,2
KysnMI0c.png,0
fcNbYiUJ.png,2
KUAzlH09.png,0
pa4c7Y3f.png,0
YFBvI4h6.png,1
hNRcXIqp.png,0
zNXrbqfh.png,0
wQm31EyB.png,0
NS8wPYXJ.png,0
p8oL59kb.png,1
tMnRZgGQ.png,2
L8QsIl3r.png,1
upS98WtK.png,0
H0a1tjNO.png,0
uOzpLAPm.png,2
3bOzRY7r.png,0
Xhag4Mpn.png,2
KqOrYDS3.png,0
uAT0JZbH.png,2
4q8SBJxa.png,0
MBFn4zbj.png,1
ZeD2iYgc.png,0
2hfPNit7.png,0
9iN1hC3w.png,1
Qm3nyDvC.png,1
y6VzXkBo.png,2
eYO7CdiN.png,0
RjzX4k86.png,0
C942ycEu.png,2
vgCZrDIW.png,0
8gv9Yy4d.png,1
017NYbuU.png,2
LQKdnez4.png,0
WwNX2HjQ.png,0
FmcgxeE8.png,2
AQeMi9Oh.png,2
XcTv10ox.png,2
fxuMVs7B.png,2
tEj7n5dV.png,2
wi7kR4ZE.png,0
3jbOZBlx.png,2
fFxKkH7W.png,1
8lS3q19B.png,0
eWV1ZLqX.png,0
wEfHkqP3.png,0
ebrDWaXw.png,2
m9IeZuXN.png,1
V0iBcK4d.png,1
WJ36YVo8.png,0
gOfJhAen.png,2
rm7sxIC9.png,2
PcwWUtnX.png,0
C4GzqnA6.png,2
0jXp7GA2.png,0
4DlZJ0XA.png,2
PDfLTCVY.png,2
uro7H1OR.png,2
mQDsLMU5.png,2
1uc3DGFC.png,1
kzlt4AbW.png,2
HpWyTfB2.png,0
jYVkO6yA.png,1
gRawJY7Z.png,1
rlBNISgf.png,2
ds1SZpGx.png,2
41zHABdG.png,0
6CI025tS.png,2
QBw9ZkCF.png,1
RZynp0td.png,2
El9CevsZ.png,0
YqcPejFT.png,0
ZYpiwl5N.png,1
thZIWNn6.png,0
vGsp3n4V.png,1
N0Yp2ZLS.png,2
KRH62TXW.png,2
FmcSt3NY.png,2
iUMpzoJ2.png,0
gUWM0u4f.png,0
OTxsX18i.png,0
NlFwE9fL.png,1
Xgn7xQCq.png,2
zpcwUFhE.png,2
IHUWJxKo.png,0
UXVTx1AJ.png,2
3YmxZjnX.png,1
qaX0QV25.png,2
Y9mTB2R0.png,1
KPFmUylE.png,2
sZT8xaGw.png,1
k7vsIeYO.png,1
JojuKTFD.png,2
TFRO9wHZ.png,0
blGC6W3R.png,0
QVtE1OaB.png,0
1aC6gQIP.png,0
i3fcZd5x.png,2
owOIEf2P.png,0
RPK8eiC1.png,2
3jPDokvZ.png,2
Psn7melq.png,1
yoafnV4Z.png,2
SEJUDLvO.png,2
DfVx80Gb.png,0
Jp4dDl8N.png,2
TfxDhWcv.png,0
XMtefKpI.png,2
PQ6VhaMR.png,1
vNJVB1mh.png,2
ulhLnFsc.png,0
aFKxOcuj.png,1
Hp861VoP.png,2
nZioV5CS.png,0
HES8hGmy.png,2
lvPWZMiS.png,0
UbYycvqI.png,0
EDbwJfB4.png,2
gWmXJMR0.png,0
RPLA7GnH.png,2
aBQMWHy6.png,2
JcYvlS0X.png,0
UFLt8Y0y.png,2
WtSphszd.png,0
0AYnV4h6.png,2
7eVpZ8vk.png,2
krfoDBWL.png,1
I5oUyJv8.png,2
Fd3sCrIz.png,0
9orcAMF1.png,2
8fx39NsF.png,0
ymaeqgKb.png,2
DoibcGlB.png,1
FlghWrut.png,0
kv6utZ9D.png,2
ziXRqfak.png,0
ynxoMt9d.png,1
a8vuOznZ.png,2
0qQwIX2v.png,2
C4ZdfHem.png,2
vLdoABhQ.png,1
MZWDhwHU.png,2
nVulQxRB.png,1
JoAN32Og.png,1
OnfAjxCU.png,0
Kxyl0VYZ.png,2
Zb2WVvCl.png,1
73WKIdHf.png,1
DcuxJVps.png,2
RQoF7dSz.png,1
ebD4wJFG.png,2
sFnYyr0N.png,2
kbMNEID7.png,2
RunJvq6i.png,2
14g3r9hP.png,0
MQiYm7K1.png,2
qlO7fYLx.png,2
WJwtpNF0.png,1
3ZRzQ84A.png,0
Wrqj1ftl.png,0
GHVpwT2v.png,1
teG1gMvo.png,2
P9ZIHuYB.png,1
uJCklp01.png,0
8N9Ge7j2.png,1
hCGs40aA.png,2
9pgF4hjT.png,2
ce21NWMz.png,0
tb0WoQyF.png,1
uO5gAHJC.png,2
1YjHu3zl.png,2
knOV7C9G.png,2
yiNTm1MJ.png,0
NnfW2Umr.png,0
lCUHTp7r.png,2
PwkumC8E.png,1
l7uA9LUy.png,2
OopjbugJ.png,2
5EbBt4Hd.png,1
UsI647Kf.png,0
WTDtje4U.png,0
xPRitMGe.png,0
qu4vKT3X.png,0
IgyWx0qX.png,2
C7GBjnIS.png,2
aeZ7Vzrf.png,0
CJ1w3xVr.png,1
bioV2Zaz.png,0
Vx2ojG61.png,2
xgJyIsQl.png,0
RozmuO7M.png,2
mWqnKRjJ.png,0
ls9HanhE.png,1
K3aw1XcD.png,0
MLpojRgw.png,1
VR06DZ3W.png,1
evU7QXGJ.png,0
HiSu7o0l.png,2
sTg5rwmA.png,2
2vt0nKHj.png,0
IghVafm5.png,2
DEnfR4kI.png,0
2ZsxQVdS.png,2
XUmTDBwd.png,0
8s1AMFO5.png,0
skbNclYS.png,2
fgh3VTb9.png,0
6ETVequR.png,0
qYyh1Rn4.png,2
iD56wIEk.png,2
dgrtCQvF.png,0
ocyl315u.png,2
pWVoURSf.png,1
I3ZlrCLU.png,1
KYwnVPL7.png,0
NOLigldK.png,2
AbFWTD5p.png,2
j0hvOcLm.png,1
8o4DTxaJ.png,1
43Ada6XI.png,2
5nbJNz9D.png,0
nN2SKhx5.png,0
oa8O4jr9.png,2
Ah7zWkVe.png,2
Lqc3QtsD.png,1
8hvGIMgF.png,1
Feu3HfIb.png,0
udaPv87x.png,1
XpEQz2ok.png,2
3U1XfCYy.png,2
tL2D3Uky.png,2
bP9Ny5fp.png,0
YeE7D1JT.png,2
9Z5oLJC1.png,1
W3hK04dF.png,1
CfPTRl6j.png,0
5sFqJTK8.png,0
i805esHc.png,2
Bu5MHrxy.png,2
ST7egzIY.png,0
uZXKxMV0.png,0
Nmb2Oaon.png,2
CEUGhXtk.png,1
OtgHG5bQ.png,2
EwtpNXU5.png,1
IPvmO32Q.png,1
suMB5boL.png,2
EzIUcuj2.png,0
kzGcm7P3.png,1
bxt5MuON.png,2
tzlLE6sv.png,0
JD1cMFnN.png,0
9ydlOWDz.png,1
9jX4cWoT.png,0
KxsjOokQ.png,2
PJY6mb4W.png,2
7pz3DQcH.png,2
h9oru3MX.png,2
Xn4ILNbg.png,2
ULyWoTO3.png,2
WMH1vlqQ.png,2
4XcwlF60.png,0
0g8Skvu2.png,2
oZhA38c5.png,0
0659eHoR.png,1
fDcKUq0H.png,0
4OwpGni2.png,2
KSfzDPrV.png,0
be8FE7t3.png,1
0QLW5eNS.png,0
ec3VMokB.png,1
UCVnW4MP.png,0
2VQo3H65.png,0
XeRwjtly.png,1
eS0a8KlB.png,0
ezGDLI0l.png,1
tVNRjqGQ.png,2
JeXn8ua3.png,1
8kClW962.png,0
rKITBEkm.png,2
VriPXFoZ.png,1
7KOgzpDv.png,2
PsXQ9pHV.png,2
tBOIKgW4.png,2
TMhg6W5v.png,1
1A74Ef3s.png,0
gUjX3RBw.png,0
No064S5K.png,2
BQYE8yvp.png,2
WYTHhUty.png,0
8kOiECJG.png,1
c8KVy4AN.png,0
qTV7Db8f.png,2
dYt0scC7.png,1
M8sW5pRZ.png,1
KX4zxL3T.png,2
x3fptdCm.png,2
CzkpKjAR.png,2
Pl7R3wmd.png,2
wFX8HVCB.png,0
FQKU45W2.png,0
h7gM21nO.png,2
yct0m3XR.png,1
nMKFc7VZ.png,0
8JO4kDZr.png,2
WyYFijLE.png,1
2jmAiygv.png,1
1nr6lBDG.png,2
0hFEBOXm.png,1
aKeVJmUg.png,2
qlF2pUZT.png,2
aqfhKwNp.png,0
kxQKaTOC.png,2
a1h37Jdt.png,0
gimZWc2w.png,0
7i1P3cko.png,1
0u6MY4NC.png,1
SME18jqF.png,1
T0QiIwzV.png,1
a92mAxWs.png,2
8SL7FGW2.png,2
cJuY0EtR.png,1
Bmxr1pIe.png,2
mtiWPgw8.png,1
JyIndHos.png,2
eJTD2KLc.png,2
D1bXC0ZU.png,2
ig6PyEwO.png,2
h3HmW7Ev.png,1
rHZuS9Yn.png,2
0onbJjTW.png,0
YA52zvfC.png,2
TARIEP5Z.png,2
uaWQoNFb.png,2
XowtzxWP.png,0
6ajmH0dg.png,0
qtalk5BL.png,1
DiyfwFsK.png,0
9b7oCLhR.png,2
LqU6Rm7N.png,0
5oZxLXhm.png,1
3XoBJ7sU.png,2
p2ytmw7J.png,2
vGxWMZaz.png,1
AdPW3GI4.png,1
i8tbBf0q.png,2
CgocxyYB.png,2
VJpTI1oF.png,0
D4zpZ2UP.png,0
qFEz0Xgl.png,2
ISqLTpo5.png,1
8QX6mriq.png,0
4TRu8GQo.png,0
7lEh3xyz.png,2
aL7kHICj.png,2
46wbUMEs.png,1
gBl8PqtR.png,0
WBPnruDg.png,2
AbypcWLu.png,2
D7aOMytP.png,0
jRCbWz20.png,1
mI0XF2TN.png,0
fzH7S0gL.png,1
oRbN5jkc.png,2
eijM7wdS.png,1
qKRyzIES.png,0
xWMRDw1Y.png,1
L6wyH4Ae.png,0
uci2SKVD.png,0
qIOg4xGU.png,2
fMdP6TIS.png,0
Z0IfMEWe.png,0
g5Fp0IGr.png,0
1i5F0oPh.png,1
yCncQFMN.png,2
jUeF4WBX.png,1
6ivDaNzf.png,2
HotFu3zw.png,2
aMtW8lBk.png,2
KAUdQ9Zc.png,2
IK7cNhbZ.png,2
KJ5RgLts.png,1
XODI9xzl.png,0
Bxzc8lIM.png,1
C0VRTNlu.png,2
w15QJoS7.png,1
IWaYuHoz.png,2
eMzVJpO1.png,0
mCNKsxIr.png,2
gQbj2uhm.png,1
YrDWNvh1.png,0
zKfpHkgx.png,2
ls2EpFxm.png,1
3YfkE4A7.png,2
8QjogH9K.png,0
YIUQw3gR.png,2
XMJKR5yq.png,0
U04631R2.png,0
rY6wWs01.png,2
lZfanUhG.png,1
JSBpiNvu.png,0
dfLzxTOa.png,2
5P1Vl2jI.png,1
uo2RWbDv.png,0
xiGCdNtJ.png,2
2ix4XNkl.png,2
aPgdEwO8.png,0
Y0gNzTRr.png,2
QimahKVY.png,1
zvLsCnA0.png,0
KuJxT8Rl.png,2
7AGSXIPr.png,1
G8bwneMp.png,0
qthMGTc6.png,0
ATD1ZFXH.png,2
La712iyO.png,0
mROaLhFy.png,2
iQYc3MEy.png,2
AqvU8Jhp.png,2
nIfrEcXi.png,2
cPdhxM6j.png,0
ucOz057U.png,1
XPRB4KVf.png,0
RONEyFCf.png,2
WRFqay8z.png,2
DXyg1mGi.png,1
5NUlMG8E.png,0
bIg9TxiQ.png,1
pTB2CYQe.png,2
GJQcXyRY.png,2
NdK4Vb8I.png,0
pSx74TdO.png,2
ymdQXhZr.png,2
cgr6lwPq.png,0
3h48rsfQ.png,1
CnpgauXM.png,0
7BZNvSaM.png,0
tX3yQrGg.png,2
TX41KSmc.png,2
tv465TBk.png,2
a7dXuL9c.png,2
V9cKqZJN.png,0
epI8vgxt.png,2
QYhJ8DXe.png,2
ND7236Yq.png,0
vZV7Ot9L.png,0
k1tMO3en.png,2
egzU2ZIy.png,2
Rr5C4QFP.png,2
lBsNWrLM.png,0
rkbuKp1F.png,2
ZYivTRdV.png,2
oTHq3vyn.png,2
RmfB3KSq.png,0
RKsBukTD.png,0
xo9minjN.png,1
LdYy94Tz.png,2
wES1CV0b.png,1
B6n3CYi9.png,2
fpBR1ram.png,1
Gpxv4Uzd.png,2
2bghpJSf.png,1
VIBObNhD.png,0
XOP0jN7H.png,0
Du3pnIYq.png,1
aiMhOy3F.png,2
9ZgkKYTE.png,0
jRVaHFeN.png,2
I3XYBO6a.png,0
ZCWGN0q2.png,2
0dS6DMeF.png,0
W0oUyXh6.png,2
abLe1qUk.png,0
voS0679a.png,1
F56RuZIS.png,2
QlGOuSkY.png,2
Qsz7kH4o.png,2
xecdWyos.png,2
emSqjvBn.png,1
96wdNjm4.png,2
Q9N8Vy1z.png,2
uxqJo50K.png,0
12HGAY59.png,1
yiPx0SLQ.png,2
3Ru86WHj.png,2
zJloBN85.png,2
NIoh0vkL.png,2
sPcC8UO2.png,1
B4NvpZQV.png,1
Ji8wOf5E.png,0
yiTotYbN.png,0
lg5v4c0A.png,2
i8rEwSLT.png,2
B091w4et.png,2
ImuT0Mkg.png,2
F0zUAepf.png,2
CKnkJjN4.png,2
2SbELAJs.png,0
bXGgMH5x.png,2
jtedU9Ap.png,2
y2I3OepG.png,0
P81LtAQ0.png,2
j7gR4Q9m.png,1
zJmOlYt5.png,0
6iLDyd3V.png,2
HJwTbXYg.png,0
3UxVKr1O.png,1
T2CXtjiQ.png,2
ZPfFY1yO.png,2
klDHWIPz.png,2
htnq1Qpi.png,1
pS28QBCf.png,0
4qtP87VR.png,2
shPHRLGp.png,2
Ts2YctNm.png,2
mhGLOJbI.png,0
UNVrs6cE.png,1
B1dALYa2.png,0
A3nvU8hm.png,2
1yBcPQpL.png,0
gwxeND0L.png,2
NlViypK5.png,2
zSl4VBsD.png,0
uldnBsCK.png,2
zXjYRwbs.png,0
6zhGAyja.png,2
t6SyJGbm.png,2
HMD4z75X.png,0
5TEcu4l8.png,2
9evf8WAD.png,0
NV3amjol.png,2
SdZD25H7.png,0
6fOpskLw.png,1
02jv7G1P.png,0
PUTbS8Rr.png,2
KqIJ4xkZ.png,2
XQftYHlW.png,2
45cgovQm.png,1
7tIJogXp.png,1
mHbhGyoP.png,2
bqQLchVX.png,1
9VRfhmEu.png,2
GcHzNpuY.png,0
TeP86YHb.png,2
6dQbzgjx.png,1
s8wLVpUS.png,0
8da2I5QF.png,2
Hbzv5cjT.png,0
47yQrVip.png,2
Zzr3JylS.png,0
NWJzpdaV.png,0
XpfxuH8E.png,0
Kv3mQWuO.png,1
CIl1jwVi.png,0
cEZAPIDw.png,2
zYpUqV0R.png,1
lBTtFr2v.png,1
Hqt8nZBk.png,0
fDuY4WBQ.png,1
kmn5fYAh.png,0
WosmjyDp.png,2
D964iBfJ.png,2
xZksw92b.png,0
b1hzfHgm.png,0
cUx5J2o0.png,0
mAykShW8.png,0
pmayGkch.png,0
hNs5yMcX.png,2
ScPFLYya.png,1
04qwufUH.png,2
9bOdjMY5.png,0
gJaV3lt6.png,2
XCej1BkE.png,2
wRpMJNaD.png,1
LlyX3Hau.png,2
P7vDwA9b.png,1
9H4T8oCa.png,0
wtFi8T2Y.png,2
sBUqtcoh.png,1
4yrFNhEp.png,2
ceQqWDn1.png,2
hYIjD3pA.png,2
sB1uKQM5.png,1
OBv0sUWg.png,1
62vCqzIQ.png,2
dPu4TRIb.png,0
nxeaGw8y.png,2
RcUAS3kH.png,2
FbgWdiJh.png,2
vSPRdi9j.png,0
MnRomqNa.png,1
p3rbxZig.png,1
8PYOp20U.png,1
mgjsflGT.png,0
ZgQNldA8.png,2
imlAk7w6.png,0
DRKCufNF.png,2
irPIkDfW.png,2
LMm3N1Sp.png,2
TNKIx6iS.png,2
ThPd9b3n.png,0
U1VqLkf8.png,0
KWgU3Hzp.png,0
xgPI2ysB.png,0
9ioWrY3A.png,1
6V3s8DKl.png,2
UznFqwMa.png,1
kVZjWzPm.png,1
C6oHP3kK.png,1
C6b7qIRa.png,1
bxvrd8WY.png,0
FAZNh6oH.png,2
GncMT603.png,2
VkECuZBx.png,1
BTctF8Ua.png,2
GVRbWftw.png,2
N6EMjFbi.png,2
eh3msrqU.png,0
mNMat6vZ.png,1
gZKI2Qta.png,2
pXVH4YJK.png,0
Cu8oJEdt.png,2
RaxA2CwW.png,0
GZwx6kA8.png,0
8JLaoPQ2.png,0
K7gnDvNL.png,1
gFpiCMEr.png,0
MSlGDNW3.png,0
hJPXpfqc.png,0
fWjh7DQ2.png,2
kbdRzHVX.png,2
o5iOCt6d.png,0
z9AWgsof.png,1
PieJz2jx.png,0
wG3YPyjJ.png,1
7YzlTXPG.png,2
rDm6LGnZ.png,2
VhFdbxSX.png,2
UR5lTZJM.png,1
YMWPBhDZ.png,2
aRlOTw7q.png,2
0ij86vKa.png,2
DjiAgbEX.png,0
BiqMZfQj.png,0
Y35J90jO.png,1
epiLsMlJ.png,2
cP7t2Oae.png,0
mAPrdxnL.png,1
B7ONTeHx.png,2
mGABYtk6.png,2
3dL2yq4G.png,0
XhA0QDSU.png,2
4KXEfCpO.png,2
LdT3rNMv.png,1
DFcklCPS.png,2
nUlVk4FA.png,0
rv87c4oT.png,1
c5VUxoZw.png,1
mCMHKODQ.png,2
FqHSALP0.png,0
Hp9O5Kty.png,1
HnrC8KjN.png,2
E73wcxV2.png,1
i8514F7E.png,0
ksWnB2F6.png,0
z5i3aBt2.png,1
WfgyDYTx.png,0
2pxNGSco.png,2
JwApNcXM.png,1
w5pJef0k.png,0
qKLgI9ry.png,2
4IMYQETX.png,0
uxkZsNlW.png,2
DY59iX7R.png,0
rwaDAho6.png,1
bXZ9zgMx.png,1
WeGstphk.png,1
ndVFT4Eo.png,0
01jKDwRi.png,1
y5OmhadC.png,0
ILAdhYKU.png,2
O8Tek3Nv.png,0
0aGT6gN7.png,2
chpBbwJt.png,0
X63zGH1Y.png,1
zW6T5BEs.png,2
JgsFtnqI.png,1
GfIraxmb.png,2
3f1CDRNk.png,0
zADRqEvV.png,2
TjAqXRle.png,0
UvG4jsc5.png,0
jBzkxuw6.png,1
sW29c4ob.png,2
HEliKJn2.png,0
xTBiqFjh.png,0
8cvyfrVM.png,2
GM4rZi7U.png,2
Ti9ebzrU.png,0
QJ2CVevk.png,0
eVCZJYXT.png,2
pwOH4Eto.png,0
Tu1MnjiH.png,1
SterHJuC.png,2
0V6xD1gh.png,0
wXsab1Ec.png,0
YDWTxVgO.png,2
xIGyVCmg.png,2
p4eEGCHY.png,0
LsWBzbiH.png,1
Q9tsxnXR.png,1
o6TYynDS.png,0
4zah57RV.png,2
w9mIsRc2.png,0
zrK8Y3Qo.png,1
6IdFZHCU.png,2
AU92LQTt.png,1
8eOvDuQV.png,2
MFpfmYIU.png,1
LlV5ADSc.png,2
wF18VRlm.png,1
6BkshCMI.png,2
xd81A9YD.png,1
mVenvyQC.png,1
WzrX2Mf3.png,2
T4HWcGwB.png,0
uai2BjmN.png,1
fqznIYHB.png,1
wumtJlSd.png,2
Dkve50bE.png,2
FlwO4ufN.png,2
wjozybs0.png,1
E1knu36F.png,1
lhIiNKS8.png,0
7sZXBvr2.png,0
6YOPrNAC.png,0
l6p4RzCM.png,0
doDSFMH3.png,0
SOaUDPNV.png,2
Hswjyniu.png,2
TP8jIyfh.png,1
t5PB0K8a.png,2
csxlApJ3.png,2
4ThaNQtB.png,0
4klgab7m.png,1
4gziZ05m.png,2
PRCMcZ8E.png,2
xliO91KI.png,2
aoy4MhTD.png,0
FjX4JmIt.png,2
Yar4Zb2J.png,0
siKJLYU9.png,2
IMVYFtGl.png,0
NhP9pL4o.png,2
Aqkx2dyX.png,0
9xj6dGZa.png,0
S1ba4Mf3.png,0
itRz9YLH.png,0
xKrGYEUv.png,0
dImC7tBN.png,2
etb9h3A8.png,0
7Z6frTIQ.png,0
p3QLq0fj.png,1
ekjsoab6.png,0
9HEXfDth.png,0
rxTmIgnC.png,2
KXmrkGNW.png,2
CWLwXeS0.png,1
Nu8Ch6BY.png,2
r2I1qgtu.png,2
eliGCpSc.png,1
evEi5PNd.png,0
ZTzQvOFf.png,0
QvptyNnC.png,0
uj8MAwEp.png,0
mGpsPhQL.png,2
VvAxzl4N.png,2
W2SIN0Cw.png,0
d6HcZKnE.png,2
rfXxhg6Y.png,1
kivCIay9.png,1
MHnewBqk.png,2
4SfGDgYb.png,2
gNrl02ok.png,1
Mud2jmVC.png,0
IuO6JW7m.png,0
rcNPTRs7.png,0
x3aJkwb0.png,2
QakUHcPR.png,0
hIcZKTmf.png,2
8YgyxXn2.png,2
HAs5PqT3.png,1
Jn7vQj2c.png,0
QPJrWpH9.png,2
kKmMo3xe.png,2
zorBY4Pi.png,0
mnqRhkbN.png,0
bqAuwkKs.png,1
GAyplCoE.png,2
H5drhLKA.png,2
ATSjXVDZ.png,0
E4KZ1bOM.png,2
